data;horario;n_da_ocorrencia;tipo_de_ocorrencia;km;trecho;sentido;tipo_de_acidente;caminhao;ilesos;levemente_feridos;moderadamente_feridos;gravemente_feridos;mortos;3
05/06/2015;16:41:00;68;sem vítima;323;BR-101/RJ;Norte;Colisão - Lateral;1;2;0;0;0;0;1
13/06/2015;15:00:00;57;sem vítima;324;BR-101/RJ;Sul;Colisão - Traseira;1;2;0;0;0;0;1
21/06/2015;00:09:00;1;sem vítima;322;BR-101/RJ;Norte;Choque Praça - Cabine;1;1;0;0;0;0;1
11/07/2015;16:05:00;54;com vítima;322;BR-101/RJ;Sul;Colisão - Lateral;1;1;1;;;;1
29/07/2015;14:43:00;63;sem vítima;322;BR-101/RJ;Norte;Colisão - Traseira;1;2;;;;;1
13/07/2015;13:27:00;64;sem vítima;333;BR-101/RJ;Sul;Colisão - Traseira;1;2;;;;;1
14/07/2015;15:51:00;66;sem vítima;321;BR-101/RJ;Norte;Colisão - Traseira;1;2;;;;;1
14/07/2015;16:13:00;68;sem vítima;334;BR-101/RJ;Sul;Colisão - Traseira;1;3;;;;;1
31/07/2015;16:39:00;77;com vítima;323;BR-101/RJ;Norte;Colisão - Lateral;1;3;1;;;;1
10/07/2015;23:02:00;134;sem vítima;323;BR-101/RJ;Norte;Colisão - Lateral;1;2;;;;;1
03/08/2015;16:19:00;78;com vítima;324,5;BR-101/RJ;Norte;Colisão - Traseira;1;0;0;1;0;0;2
14/08/2015;18:06:00;84;sem vítima;328,5;BR-101/RJ;Norte;Colisão - Lateral;1;0;0;0;0;0;1
20/08/2015;13:56:00;54;com vítima;333,1;BR-101/RJ;Sul;Engavetamento;1;6;2;0;0;0;1
21/08/2015;14:31:00;60;com vítima;322,5;BR-101/RJ;Sul;Colisão - Traseira;1;0;1;0;0;0;1
29/08/2015;13:02:00;41;sem vítima;334;BR-101/RJ;Norte;Queda de moto;1;1;0;0;0;0;1
08/09/2015;14:59:00;84;sem vítima;322,5;BR-101/RJ;Sul;Colisão - Lateral;1;1;0;0;0;0;1
08/09/2015;18:21:00;115;sem vítima;325;BR-101/RJ;Norte;Colisão - Lateral;1;1;0;0;0;0;1
11/09/2015;19:50:00;107;com vítima;322,5;BR-101/RJ;Sul;Colisão - Lateral;1;0;1;0;0;0;1
12/09/2015;15:00:00;54;com vítima;323,1;BR-101/RJ;Sul;Colisão - Traseira;1;0;6;0;0;0;1
16/09/2015;22:20:00;99;sem vítima;330;BR-101/RJ;Norte;Colisão - Traseira;1;2;0;0;0;0;1
02/10/2015;19:32:00;112;com vítima;334;BR-101/RJ;Norte;Colisão - Traseira;1;0;2;0;0;0;1
05/11/2015;23:13:00;101;com vítima;331,5;BR-101/RJ;Norte;Colisão - Traseira;1;0;0;0;1;0;2
06/11/2015;17:43:00;73;sem vítima;321,5;BR-101/RJ;Norte;Colisão - Traseira;1;1;0;0;0;0;1
06/11/2015;22:14:00;88;com vítima;321;BR-101/RJ;Norte;Engavetamento;3;0;3;0;0;0;1
11/11/2015;22:36:00;118;sem vítima;325;BR-101/RJ;Norte;Colisão - Lateral;1;2;0;0;0;0;1
27/11/2015;23:09:00;107;com vítima;332,5;BR-101/RJ;Sul;Colisão - Traseira;1;0;1;0;0;0;1
09/12/2015;13:27:00;48;com vítima;333,9;BR-101/RJ;Sul;Colisão - Traseira;1;0;0;1;0;0;2
12/12/2015;18:13:00;113;sem vítima;326,5;BR-101/RJ;Norte;Colisão - Traseira;2;1;0;0;0;0;1
21/12/2015;14:41:00;81;com vítima;326,5;BR-101/RJ;Sul;Colisão - Traseira;1;0;1;0;0;0;1
23/12/2015;10:50:00;53;sem vítima;322,3;BR-101/RJ;Sul;Choque Barreira;1;1;0;0;0;0;1
05/01/2016;17:37:00;96;sem vítima;326,7;BR-101/RJ;Sul;Engavetamento;2;1;0;0;0;0;1
07/01/2016;06:47:00;16;com vítima;328,7;BR-101/RJ;Norte;Colisão - Traseira;1;0;0;1;0;0;2
11/01/2016;00:08:00;2;sem vítima;322,5;BR-101/RJ;Sul;Colisão - Lateral;2;1;0;0;0;0;1
12/01/2016;22:37:00;115;sem vítima;333,5;BR-101/RJ;Sul;Colisão - Lateral;2;2;0;0;0;0;1
07/03/2016;12:37:00;58;sem vítima;332,5;BR-101/RJ;Norte;Colisão - Traseira;1;1;0;0;0;0;1
11/03/2016;22:36:00;109;com vítima;333,1;BR-101/RJ;Sul;Engavetamento;4;0;4;0;0;1;3
12/03/2016;00:35:00;3;com vítima;327,5;BR-101/RJ;Norte;Capotamento;1;0;6;0;0;0;1
14/03/2016;07:32:00;19;com vítima;328,5;BR-101/RJ;Norte;Colisão - Traseira;1;0;3;0;0;0;1
21/03/2016;22:10:00;94;com vítima;328,5;BR-101/RJ;Norte;Engavetamento;3;0;1;0;0;0;1
30/03/2016;23:02:00;95;com vítima;333,7;BR-101/RJ;Sul;Colisão - Traseira;1;0;0;1;0;0;2
12/04/2016;18:54:00;93;com vítima;322,3;BR-101/RJ;Sul;Atropelamento;1;0;0;0;1;0;2
20/04/2016;07:50:00;18;com vítima;330;BR-101/RJ;Norte;Colisão - Traseira;1;0;0;1;1;0;2
25/04/2016;15:12:00;85;com vítima;324,5;BR-101/RJ;Sul;Colisão - Traseira;1;0;1;0;0;0;1
01/02/2016;10:52:00;47;com vítima;327,5;BR-101/RJ;Norte;Colisão - Traseira;1;0;2;0;0;0;1
04/02/2016;10:15:00;45;sem vítima;329,5;BR-101/RJ;Sul;Colisão - Traseira;1;1;0;0;0;0;1
05/02/2016;06:02:00;17;com vítima;333,8;BR-101/RJ;Sul;Colisão - Traseira;1;0;0;1;0;0;2
06/02/2016;05:12:00;59;com vítima;326;BR-101/RJ;Norte;Engavetamento;1;0;2;0;0;0;1
19/02/2016;00:13:00;1;com vítima;323,6;BR-101/RJ;Sul;Colisão - Traseira;1;0;1;0;0;0;1
27/02/2016;22:29:00;99;com vítima;322,3;BR-101/RJ;Sul;Colisão - Lateral;1;0;0;1;0;0;2
13/05/2016;07:07:00;16;sem vítima;321;BR-101/RJ;Norte;Tombamento;1;1;0;0;0;0;1
16/05/2016;13:37:00;49;sem vítima;332,5;BR-101/RJ;Sul;Colisão - Traseira;1;1;0;0;0;0;1
18/05/2016;14:14:00;48;com vítima;334;BR-101/RJ;Sul;Colisão - Lateral;1;0;1;0;0;0;1
25/06/2016;22:22:00;82;com vítima;324;BR-101/RJ;Sul;Colisão - Traseira;1;0;4;1;0;0;2
06/07/2016;18:32:00;75;sem vítima;324,5;BR-101/RJ;Sul;Choque Defensa;1;1;0;0;0;0;1
06/08/2016;14:09:00;41;sem vítima;321;BR-101/RJ;Norte;Colisão - Traseira;1;1;0;0;0;0;1
22/08/2016;21:57:00;84;sem vítima;322,3;BR-101/RJ;Sul;Colisão - Traseira;2;1;0;0;0;0;1
08/09/2016;16:50:00;56;sem vítima;321;BR-101/RJ;Norte;Colisão - Lateral;1;1;0;0;0;0;1
09/09/2016;14:14:00;47;sem vítima;328,5;BR-101/RJ;Norte;Choque - Poste;1;1;0;0;0;0;1
02/10/2016;06:26:00;3;sem vítima;322,3;BR-101/RJ;Norte;Choque Defensa;1;3;0;0;0;0;1
11/10/2016;00:26:00;3;com vítima;332;BR-101/RJ;Norte;Colisão - Traseira;1;0;1;0;0;0;1
15/10/2016;12:40:00;41;com vítima;322,3;BR-101/RJ;Sul;Colisão - Traseira;1;0;1;0;0;0;1
25/10/2016;17:00:00;72;sem vítima;333;BR-101/RJ;Norte;Colisão - Lateral;1;1;0;0;0;0;1
14/11/2016;17:13:00;73;com vítima;332,5;BR-101/RJ;Sul;Colisão - Traseira;1;0;1;0;0;0;1
02/12/2016;01:15:00;4;sem vítima;329,5;BR-101/RJ;Norte;Colisão - Traseira;1;2;0;0;0;0;1
08/12/2016;13:52:00;65;sem vítima;321;BR-101/RJ;Norte;Colisão - Lateral;1;1;0;0;0;0;1
08/12/2016;23:54:00;121;com vítima;333,5;BR-101/RJ;Sul;Colisão - Traseira;1;0;1;0;0;0;1
22/12/2016;16:51:00;73;sem vítima;321;BR-101/RJ;Norte;Colisão - Traseira;1;1;0;0;0;0;1
04/01/2017;08:08:00;15;sem vítima;321;BR-101/RJ;Sul;Colisão - Lateral;1;1;0;0;0;0;1
06/01/2017;14:58:00;81;sem vítima;333;BR-101/RJ;Norte;Colisão - Traseira;1;1;0;0;0;0;1
11/01/2017;15:53:00;74;com vítima;325;BR-101/RJ;Sul;Colisão - Traseira;1;0;2;0;0;0;1
23/01/2017;05:34:00;10;com vítima;328,2;BR-101/RJ;Sul;Colisão - Traseira;1;0;7;5;0;0;2
26/01/2017;17:21:00;71;sem vítima;324,5;BR-101/RJ;Norte;Colisão - Traseira;1;2;0;0;0;0;1
30/01/2017;13:43:00;55;com vítima;330;BR-101/RJ;Sul;Colisão - Traseira;1;0;1;0;0;0;1
31/01/2017;06:46:00;15;com vítima;334;BR-101/RJ;Norte;Colisão - Traseira;1;0;1;0;0;0;1
03/02/2017;14:11:00;45;com vítima;328;BR-101/RJ;Norte;Colisão - Traseira;1;1;1;0;0;0;1
08/02/2017;20:05:00;74;com vítima;323,5;BR-101/RJ;Sul;Colisão - Traseira;1;0;1;0;0;0;1
13/02/2017;12:22:00;42;sem vítima;321;BR-101/RJ;Norte;Colisão - Lateral;1;1;0;0;0;0;1
24/02/2017;08:08:00;35;sem vítima;332,5;BR-101/RJ;Norte;Colisão - Traseira;1;2;0;0;0;0;1
25/02/2017;04:37:00;27;sem vítima;324,5;BR-101/RJ;Norte;Colisão - Lateral;1;1;0;0;0;0;1
02/03/2017;12:31:00;65;sem vítima;322,3;BR-101/RJ;Sul;Colisão - Lateral;1;1;0;0;0;0;1
10/03/2017;08:35:00;31;sem vítima;334;BR-101/RJ;Sul;Colisão - Lateral;1;1;0;0;0;0;1
13/03/2017;06:21:00;14;sem vítima;322;BR-101/RJ;Norte;Colisão - Lateral;1;1;0;0;0;0;1
14/03/2017;11:09:00;55;sem vítima;325;BR-101/RJ;Norte;Colisão - Traseira;1;1;0;0;0;0;1
17/03/2017;15:26:00;69;sem vítima;325;BR-101/RJ;Sul;Colisão - Lateral;2;1;0;0;0;0;1
31/03/2017;14:04:00;54;sem vítima;322;BR-101/RJ;Sul;Colisão - Lateral;2;1;0;0;0;0;1
04/04/2017;12:30:00;51;com vítima;333,9;BR-101/RJ;Norte;Colisão - Traseira;1;2;0;1;0;0;2
05/04/2017;12:19:00;46;sem vítima;322,3;BR-101/RJ;Norte;Choque - Sinalização;1;1;0;0;0;0;1
07/04/2017;18:55:00;73;sem vítima;322;BR-101/RJ;Norte;Colisão - Lateral;1;1;0;0;0;0;1
13/04/2017;10:38:00;43;sem vítima;326,5;BR-101/RJ;Sul;Colisão - Traseira;1;4;0;0;0;0;1
13/04/2017;11:19:00;49;sem vítima;326,7;BR-101/RJ;Sul;Colisão - Lateral;1;1;0;0;0;0;1
09/05/2017;16:24:00;65;sem vítima;333;BR-101/RJ;Sul;Colisão - Traseira;1;1;0;0;0;0;1
18/05/2017;03:58:00;9;sem vítima;334;BR-101/RJ;Sul;Colisão - Traseira;1;1;0;0;0;0;1
18/05/2017;13:00:00;47;com vítima;322,6;BR-101/RJ;Norte;Colisão - Lateral;1;0;1;0;0;0;1
22/05/2017;16:57:00;64;sem vítima;326;BR-101/RJ;Norte;Colisão - Traseira;1;1;0;0;0;0;1
26/05/2017;07:53:00;17;sem vítima;325;BR-101/RJ;Sul;Colisão - Traseira;1;2;0;0;0;0;1
30/05/2017;01:38:00;4;sem vítima;333,5;BR-101/RJ;Norte;Colisão - Lateral;2;2;0;0;0;0;1
01/06/2017;04:52:00;13;sem vítima;334;BR-101/RJ;Sul;Colisão - Lateral;1;1;0;0;0;0;1
09/06/2017;13:05:00;44;sem vítima;322,5;BR-101/RJ;Norte;Colisão - Traseira;1;1;0;0;0;0;1
09/06/2017;15:52:00;61;sem vítima;321;BR-101/RJ;Norte;Colisão - Lateral;1;2;0;0;0;0;1
14/06/2017;07:29:00;14;sem vítima;325;BR-101/RJ;Norte;Colisão - Traseira;1;1;0;0;0;0;1
14/06/2017;20:22:00;108;sem vítima;322;BR-101/RJ;Norte;Colisão - Lateral;1;1;0;0;0;0;1
19/06/2017;15:18:00;58;sem vítima;321;BR-101/RJ;Sul;Choque Barreira;1;1;0;0;0;0;1
23/06/2017;08:35:00;41;sem vítima;334;BR-101/RJ;Norte;Colisão - Traseira;1;1;0;0;0;0;1
23/06/2017;21:58:00;140;sem vítima;325;BR-101/RJ;Norte;Colisão - Lateral;1;2;0;0;0;0;1
29/06/2017;20:29:00;112;sem vítima;325;BR-101/RJ;Norte;Colisão - Traseira;1;2;0;0;0;0;1
30/06/2017;08:19:00;27;com vítima;333,5;BR-101/RJ;Sul;Colisão - Lateral;1;6;1;0;0;0;1
03/08/2017;21:26:00;97;sem vítima;334;BR-101/RJ;Norte;Colisão - Lateral;1;3;0;0;0;0;1
04/08/2017;09:21:00;38;sem vítima;322;BR-101/RJ;Norte;Colisão - Lateral;1;1;0;0;0;0;1
09/08/2017;11:55:00;36;sem vítima;325;BR-101/RJ;Sul;Colisão - Lateral;1;1;0;0;0;0;1
10/08/2017;04:10:00;4;com vítima;332;BR-101/RJ;Norte;Colisão - Traseira;1;1;0;1;0;0;2
10/08/2017;11:46:00;32;sem vítima;321;BR-101/RJ;Sul;Colisão - Lateral;1;1;0;0;0;0;1
13/08/2017;06:05:00;7;sem vítima;322,8;BR-101/RJ;Sul;Colisão - Traseira;1;1;0;0;0;0;1
14/08/2017;18:18:00;88;sem vítima;323,5;BR-101/RJ;Norte;Colisão - Traseira;1;2;0;0;0;0;1
24/08/2017;17:37:00;89;sem vítima;332;BR-101/RJ;Norte;Colisão - Lateral;1;2;0;0;0;0;1
26/08/2017;16:16:00;72;sem vítima;321;BR-101/RJ;Norte;Colisão - Lateral;1;1;0;0;0;0;1
30/08/2017;07:49:00;22;sem vítima;323,5;BR-101/RJ;Norte;Colisão - Traseira;1;4;0;0;0;0;1
08/07/2017;09:25:00;34;sem vítima;322,3;BR-101/RJ;Norte;Colisão - Traseira;1;1;0;0;0;0;1
14/07/2017;14:47:00;60;sem vítima;331,5;BR-101/RJ;Norte;Colisão - Traseira;1;2;0;0;0;0;1
15/07/2017;06:50:00;18;com vítima;324,5;BR-101/RJ;Norte;Colisão - Traseira;1;3;1;0;0;0;1
24/07/2017;16:07:00;68;com vítima;324;BR-101/RJ;Sul;Colisão - Traseira;2;0;1;0;0;0;1
24/07/2017;17:46:00;87;sem vítima;322,3;BR-101/RJ;Sul;Colisão - Lateral;1;2;0;0;0;0;1
26/07/2017;12:31:00;52;sem vítima;322;BR-101/RJ;Sul;Colisão - Lateral;1;1;0;0;0;0;1
29/07/2017;05:06:00;18;sem vítima;326,3;BR-101/RJ;Norte;Colisão - Traseira;1;2;0;0;0;0;1
31/07/2017;01:31:00;6;sem vítima;321,5;BR-101/RJ;Norte;Colisão - Lateral;1;1;0;0;0;0;1
18/09/2017;20:07:00;93;sem vítima;321;BR-101/RJ;Sul;Colisão - Lateral;1;2;0;0;0;0;1
21/09/2017;22:14:00;114;sem vítima;333;BR-101/RJ;Norte;Colisão - Traseira;1;1;0;0;0;0;1
23/09/2017;09:32:00;28;com vítima;334;BR-101/RJ;Norte;Colisão - Lateral;1;0;3;0;0;0;1
23/09/2017;09:51:00;32;sem vítima;322,5;BR-101/RJ;Norte;Engavetamento;1;1;0;0;0;0;1
23/09/2017;13:25:00;55;sem vítima;324,5;BR-101/RJ;Norte;Colisão - Traseira;1;2;0;0;0;0;1
24/09/2017;22:39:00;60;sem vítima;333,5;BR-101/RJ;Norte;Colisão - Lateral;1;1;0;0;0;0;1
26/09/2017;15:14:00;79;com vítima;327;BR-101/RJ;Sul;Colisão - Lateral;1;0;1;0;0;0;1
09/11/2017;17:04:00;81;sem vítima;328,1;BR-101/RJ;Norte;Colisão - Lateral;1;2;0;0;0;0;1
10/11/2017;11:30:00;51;sem vítima;322,3;BR-101/RJ;Norte;Choque Defensa;1;1;0;0;0;0;1
14/11/2017;06:40:00;16;com vítima;326,5;BR-101/RJ;Norte;Colisão - Traseira;1;0;0;1;0;0;2
16/11/2017;06:31:00;9;sem vítima;322,3;BR-101/RJ;Norte;Choque Defensa;1;1;0;0;0;0;1
21/11/2017;10:56:00;51;sem vítima;322,8;BR-101/RJ;Sul;Colisão - Traseira;1;1;0;0;0;0;1
23/11/2017;14:25:00;65;com vítima;328,5;BR-101/RJ;Norte;Colisão - Traseira;2;0;6;0;0;0;1
24/11/2017;16:16:00;89;sem vítima;321;BR-101/RJ;Sul;Colisão - Traseira;1;1;0;0;0;0;1
03/10/2017;06:12:00;14;sem vítima;334;BR-101/RJ;Sul;Colisão - Lateral;1;2;0;0;0;0;1
10/10/2017;10:16:00;40;sem vítima;334;BR-101/RJ;Norte;Colisão - Traseira;1;1;0;0;0;0;1
11/10/2017;11:37:00;58;sem vítima;322,8;BR-101/RJ;Norte;Colisão - Lateral;1;0;0;0;0;0;1
19/10/2017;19:20:00;103;sem vítima;328,5;BR-101/RJ;Norte;Colisão - Lateral;1;2;0;0;0;0;1
19/10/2017;19:24:00;104;sem vítima;322;BR-101/RJ;Norte;Colisão - Lateral;1;2;0;0;0;0;1
30/10/2017;16:41:00;88;sem vítima;321;BR-101/RJ;Norte;Colisão - Lateral;1;2;0;0;0;0;1
01/12/2017;11:29:00;46;sem vítima;329;BR-101/RJ;Sul;Colisão - Lateral;1;1;0;0;0;0;1
01/12/2017;13:54:00;64;sem vítima;324;BR-101/RJ;Sul;Colisão - Lateral;1;1;0;0;0;0;1
01/12/2017;15:58:00;82;sem vítima;327,5;BR-101/RJ;Norte;Colisão - Traseira;1;1;0;0;0;0;1
01/12/2017;21:04:00;125;sem vítima;322,5;BR-101/RJ;Norte;Colisão - Traseira;1;1;0;0;0;0;1
14/12/2017;20:41:00;122;sem vítima;327,5;BR-101/RJ;Norte;Colisão - Traseira;2;1;0;0;0;0;1
18/12/2017;03:36:00;12;sem vítima;333;BR-101/RJ;Sul;Colisão - Traseira;3;2;0;0;0;0;1
18/12/2017;11:35:00;67;sem vítima;324,5;BR-101/RJ;Sul;Colisão - Lateral;1;1;0;0;0;0;1
18/12/2017;15:32:00;101;sem vítima;334;BR-101/RJ;Norte;Colisão - Traseira;2;2;0;0;0;0;1
20/12/2017;11:49:00;63;sem vítima;328;BR-101/RJ;Sul;Colisão - Traseira;1;2;0;0;0;0;1
22/12/2017;10:07:00;43;sem vítima;334;BR-101/RJ;Norte;Colisão - Traseira;1;2;0;0;0;0;1
22/12/2017;18:30:00;112;com vítima;321;BR-101/RJ;Sul;Colisão - Traseira;1;0;1;0;0;0;1
23/12/2017;01:33:00;8;sem vítima;321;BR-101/RJ;Norte;Colisão - Traseira;1;1;0;0;0;0;1
27/12/2017;16:37:00;100;sem vítima;327,5;BR-101/RJ;Norte;Colisão - Lateral;1;2;0;0;0;0;1
28/12/2017;11:42:00;38;sem vítima;334;BR-101/RJ;Norte;Colisão - Traseira;1;1;0;0;0;0;1
29/12/2017;09:45:00;49;sem vítima;333,1;BR-101/RJ;Norte;Colisão - Traseira;1;4;0;0;0;0;1
02/01/2018;22:48:00;194;sem vítima;322,8;BR-101/RJ;Sul;Colisão - Traseira;1;3;0;0;0;0;1
03/01/2018;15:26:00;92;sem vítima;330;BR-101/RJ;Sul;Colisão - Lateral;1;3;0;0;0;0;1
11/01/2018;15:39:00;64;com vítima;323;BR-101/RJ;Sul;Colisão - Lateral;1;0;1;0;0;0;1
12/01/2018;15:53:00;83;sem vítima;322,5;BR-101/RJ;Sul;Queda de moto;1;1;0;0;0;0;1
17/01/2018;11:49:00;54;sem vítima;333,5;BR-101/RJ;Sul;Colisão - Traseira;1;1;0;0;0;0;1
20/01/2018;14:36:00;86;sem vítima;322,5;BR-101/RJ;Norte;Colisão - Traseira;1;1;0;0;0;0;1
26/01/2018;12:31:00;52;com vítima;326,5;BR-101/RJ;Norte;Colisão - Traseira;1;0;1;0;0;0;1
29/01/2018;17:45:00;75;sem vítima;322,3;BR-101/RJ;Norte;Colisão - Traseira;1;1;0;0;0;0;1
02/02/2018;12:40:00;54;sem vítima;325;BR-101/RJ;Sul;Colisão - Traseira;3;3;0;0;0;0;1
09/02/2018;03:26:00;16;sem vítima;334;BR-101/RJ;Sul;Colisão - Lateral;1;1;0;0;0;0;1
09/02/2018;05:04:00;20;sem vítima;322,4;BR-101/RJ;Norte;Colisão - Lateral;1;1;0;0;0;0;1
10/02/2018;03:19:00;17;sem vítima;325;BR-101/RJ;Sul;Colisão - Traseira;1;1;0;0;0;0;1
17/02/2018;09:46:00;28;sem vítima;321;BR-101/RJ;Norte;Colisão - Lateral;1;1;0;0;0;0;1
17/02/2018;18:47:00;71;sem vítima;333,5;BR-101/RJ;Norte;Colisão - Lateral;2;2;0;0;0;0;1
19/02/2018;11:23:00;58;sem vítima;326,5;BR-101/RJ;Sul;Engavetamento;1;3;0;0;0;0;1
19/02/2018;15:05:00;81;sem vítima;324,5;BR-101/RJ;Sul;Colisão - Traseira;1;3;0;0;0;0;1
24/02/2018;16:22:00;68;sem vítima;334;BR-101/RJ;Sul;Colisão - Traseira;1;2;0;0;0;0;1
02/03/2018;22:41:00;124;sem vítima;321;BR-101/RJ;Norte;Colisão - Traseira;1;2;0;0;0;0;1
03/03/2018;12:11:00;42;sem vítima;322,3;BR-101/RJ;Norte;Colisão - Traseira;1;1;0;0;0;0;1
05/03/2018;11:02:00;47;sem vítima;322,5;BR-101/RJ;Norte;Colisão - Lateral;1;2;0;0;0;0;1
09/03/2018;01:20:00;3;sem vítima;322,3;BR-101/RJ;Sul;Colisão - Lateral;1;1;0;0;0;0;1
15/03/2018;07:12:00;22;sem vítima;322,3;BR-101/RJ;Sul;Colisão - Lateral;1;2;0;0;0;0;1
15/03/2018;17:00:00;95;sem vítima;333,7;BR-101/RJ;Norte;Colisão - Lateral;1;2;0;0;0;0;1
16/03/2018;16:10:00;91;com vítima;322,3;BR-101/RJ;Norte;Colisão - Lateral;1;0;1;0;0;0;1
23/03/2018;00:24:00;3;sem vítima;322,3;BR-101/RJ;Norte;Choque Barreira;1;1;0;0;0;0;1
26/03/2018;06:37:00;16;sem vítima;326,4;BR-101/RJ;Norte;Colisão - Traseira;1;1;0;0;0;0;1
29/03/2018;19:41:00;121;sem vítima;333,5;BR-101/RJ;Norte;Colisão - Lateral;1;1;0;0;0;0;1
29/03/2018;22:31:00;136;sem vítima;334;BR-101/RJ;Norte;Colisão - Lateral;2;2;0;0;0;0;1
11/04/2018;11:18:00;62;sem vítima;322;BR-101/RJ;Norte;Colisão - Transversal;1;2;0;0;0;0;1
12/04/2018;07:01:00;13;com vítima;326,5;BR-101/RJ;Norte;Colisão - Traseira;1;1;1;0;0;0;1
13/04/2018;08:01:00;19;sem vítima;328;BR-101/RJ;Sul;Engavetamento;1;1;0;0;0;0;1
16/04/2018;10:29:00;47;com vítima;331,1;BR-101/RJ;Norte;Colisão - Traseira;1;0;0;1;0;0;2
16/04/2018;17:34:00;81;sem vítima;332,5;BR-101/RJ;Norte;Colisão - Traseira;1;1;0;0;0;0;1
18/04/2018;11:15:00;40;sem vítima;322;BR-101/RJ;Norte;Colisão - Traseira;1;1;0;0;0;0;1
01/05/2018;22:08:00;72;sem vítima;333,5;BR-101/RJ;Norte;Colisão - Lateral;1;2;0;0;0;0;1
03/05/2018;20:59:00;110;sem vítima;325;BR-101/RJ;Sul;Colisão - Traseira;1;1;0;0;0;0;1
04/05/2018;11:27:00;48;com vítima;321;BR-101/RJ;Sul;Atropelamento;1;1;1;0;0;0;1
08/05/2018;07:28:00;18;com vítima;334;BR-101/RJ;Norte;Colisão - Traseira;1;0;0;1;0;0;2
11/05/2018;13:27:00;55;sem vítima;322,5;BR-101/RJ;Norte;Colisão - Lateral;2;2;0;0;0;0;1
08/06/2018;07:28:00;9;sem vítima;325;BR-101/RJ;Norte;Colisão - Traseira;1;1;0;0;0;0;1
15/06/2018;11:15:00;33;sem vítima;333,5;BR-101/RJ;Norte;Colisão - Traseira;1;2;0;0;0;0;1
30/06/2018;08:33:00;29;com vítima;332,8;BR-101/RJ;Sul;Tombamento;1;0;0;2;0;0;2
09/08/2018;17:12:00;74;sem vítima;333,5;BR-101/RJ;Norte;Colisão - Traseira;1;1;0;0;0;0;1
17/08/2018;14:56:00;54;sem vítima;334;BR-101/RJ;Norte;Colisão - Lateral;1;1;0;0;0;0;1
23/08/2018;06:40:00;21;sem vítima;333,8;BR-101/RJ;Norte;Colisão - Traseira;1;1;0;0;0;0;1
23/08/2018;22:36:00;124;sem vítima;326,2;BR-101/RJ;Norte;Colisão - Traseira;1;1;0;0;0;0;1
23/08/2018;23:26:00;136;sem vítima;322,3;BR-101/RJ;Norte;Choque Praça;1;1;0;0;0;0;1
24/08/2018;01:21:00;4;com vítima;331,8;BR-101/RJ;Norte;Colisão - Traseira;1;0;1;0;0;0;1
24/08/2018;08:58:00;31;sem vítima;321;BR-101/RJ;Sul;Colisão - Traseira;1;2;0;0;0;0;1
29/08/2018;12:33:00;67;com vítima;331,5;BR-101/RJ;Norte;Colisão - Traseira;1;2;1;0;0;0;1
30/08/2018;06:35:00;11;sem vítima;330;BR-101/RJ;Norte;Colisão - Lateral;1;2;0;0;0;0;1
03/07/2018;16:08:00;70;com vítima;333,5;BR-101/RJ;Norte;Colisão - Lateral;1;2;2;0;0;0;1
04/07/2018;10:42:00;40;sem vítima;332;BR-101/RJ;Norte;Colisão - Traseira;1;3;0;0;0;0;1
06/07/2018;13:14:00;54;sem vítima;334;BR-101/RJ;Norte;Colisão - Lateral;1;1;0;0;0;0;1
12/07/2018;17:50:00;93;sem vítima;321;BR-101/RJ;Norte;Colisão - Traseira;1;2;0;0;0;0;1
14/07/2018;13:54:00;80;sem vítima;324,5;BR-101/RJ;Norte;Engavetamento;1;6;0;0;0;0;1
19/07/2018;18:34:00;89;sem vítima;333,5;BR-101/RJ;Norte;Colisão - Lateral;1;1;0;0;0;0;1
21/07/2018;02:53:00;7;com vítima;332;BR-101/RJ;Sul;Colisão - Traseira;1;0;1;0;0;0;1
24/07/2018;22:17:00;97;sem vítima;322,6;BR-101/RJ;Norte;Colisão - Lateral;1;1;0;0;0;0;1
30/07/2018;14:18:00;66;sem vítima;333,5;BR-101/RJ;Norte;Colisão - Lateral;1;2;0;0;0;0;1
01/11/2018;20:15:00;156;sem vítima;335;BR-101/RJ;Norte;Colisão - Lateral;1;1;0;0;0;0;1
06/11/2018;22:19:00;139;sem vítima;334;BR-101/RJ;Norte;Colisão - Lateral;1;1;0;0;0;0;1
14/11/2018;08:11:00;28;com vítima;322,3;BR-101/RJ;Norte;Engavetamento;2;5;1;0;0;0;1
20/11/2018;16:00:00;60;sem vítima;322,5;BR-101/RJ;Norte;Colisão - Lateral;1;1;0;0;0;0;1
28/11/2018;08:04:00;27;sem vítima;333,5;BR-101/RJ;Sul;Colisão - Lateral;1;1;0;0;0;0;1
03/09/2018;09:15:00;28;sem vítima;322;BR-101/RJ;Norte;Colisão - Traseira;1;2;0;0;0;0;1
05/09/2018;12:27:00;59;sem vítima;324,5;BR-101/RJ;Norte;Colisão - Traseira;1;2;0;0;0;0;1
07/09/2018;06:31:00;36;sem vítima;322,5;BR-101/RJ;Norte;Engavetamento;1;4;0;0;0;0;1
10/09/2018;11:13:00;43;sem vítima;333,5;BR-101/RJ;Sul;Colisão - Lateral;1;1;0;0;0;0;1
23/09/2018;12:49:00;31;sem vítima;323;BR-101/RJ;Sul;Colisão - Traseira;1;3;0;0;0;0;1
03/10/2018;07:50:00;26;sem vítima;331;BR-101/RJ;Norte;Colisão - Lateral;1;1;0;0;0;0;1
04/10/2018;23:18:00;116;sem vítima;333,9;BR-101/RJ;Norte;Colisão - Lateral;1;1;0;0;0;0;1
17/10/2018;19:08:00;115;sem vítima;324,1;BR-101/RJ;Norte;Colisão - Traseira;2;1;0;0;0;0;1
21/10/2018;17:19:00;56;sem vítima;322,3;BR-101/RJ;Norte;Colisão - Transversal;1;5;0;0;0;0;1
22/10/2018;08:32:00;32;sem vítima;327,2;BR-101/RJ;Norte;Colisão - Lateral;1;1;0;0;0;0;1
03/12/2018;17:05:00;83;com vítima;324,2;BR-101/RJ;Norte;Colisão - Traseira;1;0;1;0;0;0;1
07/12/2018;15:40:00;78;sem vítima;322,5;BR-101/RJ;Norte;Colisão - Traseira;2;1;0;0;0;0;1
07/12/2018;22:39:00;131;sem vítima;330;BR-101/RJ;Sul;Colisão - Traseira;1;1;0;0;0;0;1
11/12/2018;06:45:00;15;sem vítima;327,5;BR-101/RJ;Norte;Colisão - Lateral;2;2;0;0;0;0;1
12/12/2018;19:22:00;116;sem vítima;321;BR-101/RJ;Sul;Colisão - Lateral;1;1;0;0;0;0;1
20/12/2018;12:01:00;50;sem vítima;322,3;BR-101/RJ;Sul;Engavetamento;1;1;0;0;0;0;1
25/12/2018;17:13:00;63;sem vítima;324,5;BR-101/RJ;Norte;Colisão - Lateral;1;2;0;0;0;0;1
29/12/2018;04:34:00;8;sem vítima;323,5;BR-101/RJ;Norte;Colisão - Lateral;1;1;0;0;0;0;1
30/12/2018;02:56:00;6;com vítima;326,5;BR-101/RJ;Sul;Colisão - Traseira;2;2;0;1;0;0;2
05/01/2019;16:57:00;51;sem vítima;322,8;BR-101/RJ;Norte;Choque Praça;1;1;0;0;0;0;1
18/01/2019;22:30:00;127;sem vítima;322,3;BR-101/RJ;Norte;Choque - Sinalização;1;1;0;0;0;0;1
20/01/2019;22:52:00;116;sem vítima;322,3;BR-101/RJ;Norte;Colisão - Lateral;1;2;0;0;0;0;1
21/01/2019;14:52:00;101;sem vítima;322;BR-101/RJ;Sul;Colisão - Traseira;1;2;0;0;0;0;1
23/01/2019;07:17:00;13;sem vítima;327,5;BR-101/RJ;Norte;Colisão - Lateral;1;2;0;0;0;0;1
23/01/2019;15:06:00;46;com vítima;331,2;BR-101/RJ;Sul;Colisão - Traseira;2;2;1;0;0;0;1
24/01/2019;06:08:00;12;com vítima;324;BR-101/RJ;Norte;Tombamento;1;0;1;0;0;0;1
25/01/2019;15:19:00;74;sem vítima;322,8;BR-101/RJ;Norte;Colisão - Traseira;1;3;0;0;0;0;1
26/01/2019;21:39:00;108;sem vítima;333,9;BR-101/RJ;Norte;Colisão - Lateral;2;2;0;0;0;0;1
01/02/2019;09:38:00;33;sem vítima;322,8;BR-101/RJ;Norte;Colisão - Traseira;1;2;0;0;0;0;1
04/02/2019;16:24:00;75;sem vítima;334;BR-101/RJ;Sul;Colisão - Traseira;1;2;0;0;0;0;1
06/02/2019;06:58:00;12;sem vítima;322,3;BR-101/RJ;Sul;Colisão - Lateral;1;2;0;0;0;0;1
12/02/2019;00:13:00;2;sem vítima;324;BR-101/RJ;Sul;Colisão - Traseira;1;2;0;0;0;0;1
14/02/2019;10:27:00;32;sem vítima;330;BR-101/RJ;Sul;Colisão - Lateral;1;2;0;0;0;0;1
23/02/2019;17:45:00;81;sem vítima;321;BR-101/RJ;Sul;Choque Defensa;1;1;0;0;0;0;1
28/02/2019;23:22:00;162;sem vítima;321;BR-101/RJ;Sul;Colisão - Lateral;2;2;0;0;0;0;1
06/03/2019;06:52:00;18;sem vítima;322,8;BR-101/RJ;Norte;Choque - Sinalização;1;1;0;0;0;0;1
07/03/2019;10:21:00;50;sem vítima;328,8;BR-101/RJ;Sul;Colisão - Lateral;1;2;0;0;0;0;1
11/03/2019;06:11:00;8;sem vítima;322,8;BR-101/RJ;Norte;Choque Praça;1;1;0;0;0;0;1
26/03/2019;18:31:00;99;sem vítima;334;BR-101/RJ;Norte;Colisão - Lateral;1;2;0;0;0;0;1
14/06/2019;13:10:00;92;com vítima;321;BR-101/RJ;Norte;Colisão - Traseira;1;0;4;0;0;0;1
06/04/2019;09:07:00;31;com vítima;326,5;BR-101/RJ;Sul;Colisão - Traseira;1;1;0;0;1;0;2
10/04/2019;14:29:00;57;com vítima;331;BR-101/RJ;Sul;Colisão - Traseira;1;1;1;0;0;0;1
12/04/2019;18:35:00;106;sem vítima;334;BR-101/RJ;Sul;Colisão - Traseira;1;2;0;0;0;0;1
18/04/2019;23:17:00;143;com vítima;327,6;BR-101/RJ;Norte;Colisão - Traseira;1;1;1;0;0;0;1
07/08/2019;08:39:00;30;com vítima;326,5;BR-101/RJ;Norte;Colisão - Traseira;1;0;9;0;0;0;1
13/08/2019;18:04:00;110;sem vítima;329,4;BR-101/RJ;Sul;Colisão - Lateral;1;2;0;0;0;0;1
30/08/2019;00:39:00;3;sem vítima;322,3;BR-101/RJ;Norte;Choque Praça;1;1;0;0;0;0;1
30/08/2019;08:28:00;37;sem vítima;322,3;BR-101/RJ;Norte;Colisão - Traseira;1;2;0;0;0;0;1
05/09/2019;06:22:00;10;com vítima;322,6;BR-101/RJ;Norte;Colisão - Traseira;1;1;1;0;0;0;1
12/10/2019;09:43:00;43;com vítima;321;BR-101/RJ;Norte;Colisão - Lateral;1;1;2;0;0;0;1
14/10/2019;22:52:00;168;sem vítima;334;BR-101/RJ;Norte;Colisão - Lateral;1;2;0;0;0;0;1
16/10/2019;15:33:00;94;sem vítima;333,5;BR-101/RJ;Sul;Colisão - Traseira;1;2;0;0;0;0;1
17/10/2019;01:00:00;3;com vítima;323,5;BR-101/RJ;Norte;Colisão - Traseira;1;2;3;0;0;0;1
19/10/2019;13:25:00;65;com vítima;334;BR-101/RJ;Norte;Colisão - Traseira;1;1;1;0;0;0;1
15/12/2019;03:29:00;12;sem vítima;322,3;BR-101/RJ;Norte;Choque Praça;2;1;0;0;0;0;1
18/12/2019;22:27:00;130;sem vítima;333;BR-101/RJ;Sul;Colisão - Traseira;1;2;0;0;0;0;1
20/12/2019;23:30:00;139;com vítima;333;BR-101/RJ;Sul;Colisão - Traseira;2;2;0;1;0;0;2
02/01/2020;13:12:00;73;sem vítima;322,3;BR-101/RJ;Sul;Colisão - Lateral;1;2;0;0;0;0;1
06/01/2020;01:05:00;1;sem vítima;321;BR-101/RJ;Norte;Choque - Pilar;2;1;0;0;0;0;1
20/01/2020;14:05:00;66;com vítima;323,5;BR-101/RJ;Sul;Colisão - Traseira;1;0;4;0;0;0;1
31/01/2020;17:20:00;128;com vítima;328,1;BR-101/RJ;Sul;Colisão - Traseira;1;1;0;0;0;1;3
31/01/2020;20:58:00;178;sem vítima;325,9;BR-101/RJ;Sul;Colisão - Traseira;1;2;0;0;0;0;1
31/01/2020;23:51:00;227;sem vítima;323;BR-101/RJ;Norte;Colisão - Traseira;2;2;0;0;0;0;1
13/02/2020;02:05:00;7;sem vítima;327;BR-101/RJ;Sul;Colisão - Lateral;2;2;0;0;0;0;1
18/02/2020;14:15:00;79;com vítima;329;BR-101/RJ;Norte;Colisão - Traseira;2;0;2;0;0;0;1
29/02/2020;22:42:00;102;com vítima;332,5;BR-101/RJ;Sul;Colisão - Traseira;1;3;0;0;1;0;2
08/04/2020;05:24:00;7;com vítima;327;BR-101/RJ;Norte;Colisão - Traseira;1;0;2;0;0;0;1
08/04/2020;09:55:00;28;sem vítima;321;BR-101/RJ;Sul;Colisão - Transversal;1;2;0;0;0;0;1
17/04/2020;06:02:00;6;com vítima;330,5;BR-101/RJ;Sul;Choque veículo parado na pista;1;0;1;1;0;0;2
09/05/2020;11:13:00;28;sem vítima;322,8;BR-101/RJ;Norte;Choque Praça;1;1;0;0;0;0;1
21/05/2020;11:39:00;38;sem vítima;326,6;BR-101/RJ;Sul;Choque veículo parado na pista;1;2;0;0;0;0;1
21/05/2020;14:40:00;52;sem vítima;332;BR-101/RJ;Norte;Colisão - Lateral;1;2;0;0;0;0;1
25/05/2020;13:51:00;43;sem vítima;334;BR-101/RJ;Norte;Colisão - Lateral;1;2;0;0;0;0;1
25/05/2020;15:56:00;55;sem vítima;332;BR-101/RJ;Norte;Choque veículo parado na pista;2;4;0;0;0;0;1
30/05/2020;19:12:00;76;sem vítima;327,5;BR-101/RJ;Sul;Colisão - Lateral;1;2;0;0;0;0;1
31/05/2020;16:57:00;43;com vítima;324,5;BR-101/RJ;Sul;Colisão - Lateral;1;1;1;0;0;0;1
02/06/2020;19:40:00;93;com vítima;322,5;BR-101/RJ;Norte;Engavetamento;1;2;1;0;0;0;1
10/06/2020;14:27:00;56;sem vítima;321;BR-101/RJ;Norte;Colisão - Lateral;2;6;0;0;0;0;1
17/06/2020;23:15:00;98;sem vítima;334;BR-101/RJ;Sul;Choque Defensa;2;1;0;0;0;0;1
18/06/2020;13:03:00;53;com vítima;331;BR-101/RJ;Norte;Choque veículo parado na pista;2;1;0;0;1;0;2
18/06/2020;18:37:00;87;sem vítima;322,8;BR-101/RJ;Norte;Colisão - Lateral;1;2;0;0;0;0;1
19/06/2020;18:10:00;88;sem vítima;333,5;BR-101/RJ;Norte;Colisão - Lateral;1;1;0;0;0;0;1
26/06/2020;15:36:00;76;com vítima;325;BR-101/RJ;Norte;Colisão - Traseira;2;1;1;0;0;0;1
29/06/2020;16:47:00;53;sem vítima;322,8;BR-101/RJ;Norte;Colisão - Lateral;2;2;0;0;0;0;1
29/06/2020;19:56:00;73;sem vítima;329;BR-101/RJ;Norte;Colisão - Traseira;1;2;0;0;0;0;1
02/07/2020;12:21:00;48;sem vítima;322,3;BR-101/RJ;Sul;Colisão - Lateral;1;2;0;0;0;0;1
06/07/2020;16:36:00;77;sem vítima;329;BR-101/RJ;Norte;Colisão - Traseira;1;2;0;0;0;0;1
07/07/2020;10:05:00;20;sem vítima;332;BR-101/RJ;Norte;Engavetamento;4;9;0;0;0;0;1
09/07/2020;10:11:00;34;sem vítima;323;BR-101/RJ;Norte;Colisão - Traseira;1;2;0;0;0;0;1
12/07/2020;09:37:00;26;com vítima;327,5;BR-101/RJ;Norte;Colisão - Traseira;1;0;4;0;0;0;1
13/07/2020;18:14:00;67;com vítima;334;BR-101/RJ;Norte;Colisão - Lateral;1;1;1;0;0;0;1
17/07/2020;17:59:00;86;sem vítima;331,5;BR-101/RJ;Sul;Choque veículo parado na pista;1;2;0;0;0;0;1
22/07/2020;10:42:00;30;com vítima;322;BR-101/RJ;Norte;Colisão - Lateral;1;1;1;0;0;0;1
30/07/2020;17:57:00;87;sem vítima;326;BR-101/RJ;Norte;Colisão - Traseira;2;2;0;0;0;0;1
04/03/2020;13:38:00;57;sem vítima;334;BR-101/RJ;Norte;Colisão - Lateral;1;1;0;0;0;0;1
10/03/2020;01:35:00;10;com vítima;322,3;BR-101/RJ;Sul;Colisão - Lateral;1;0;2;0;0;0;1
18/03/2020;01:43:00;5;sem vítima;322,3;BR-101/RJ;Norte;Choque Praça;2;1;0;0;0;0;1
21/03/2020;13:57:00;37;sem vítima;322,3;BR-101/RJ;Norte;Choque Praça;1;1;0;0;0;0;1
26/03/2020;17:13:00;49;sem vítima;326,4;BR-101/RJ;Sul;Choque veículo parado na pista;1;2;0;0;0;0;1
03/08/2020;09:36:00;28;AC03 - Acidente sem VITIMA;323,5;Cajú;Norte;Engavetamento;1;3;0;0;0;0;1
06/08/2020;17:54:00;88;AC03 - Acidente sem VITIMA;334;Emergência I;Norte;Colisão - Lateral;1;2;0;0;0;0;1
07/08/2020;19:31:00;96;AC02 - Acidente com VITIMA;331,8;Curvão;Sul;Colisão - Traseira;1;0;2;0;0;0;1
15/08/2020;12:24:00;73;AC03 - Acidente sem VITIMA;326,5;Vão Central;Norte;Colisão - Lateral;1;2;0;0;0;0;1
18/08/2020;20:48:00;78;AC03 - Acidente sem VITIMA;322,3;Acessos Niterói;Norte;Colisão - Traseira;2;2;0;0;0;0;1
24/08/2020;05:45:00;6;AC02 - Acidente com VITIMA;321;Acessos Niterói;Sul;Colisão - Lateral;2;1;1;0;0;0;1
25/08/2020;14:07:00;60;AC02 - Acidente com VITIMA;328,5;Descida do Vão Central;Sul;Capotamento;1;1;0;2;0;0;2
02/09/2020;07:07:00;17;AC02 - Acidente com VITIMA;333,5;Emergência I;Sul;Colisão - Traseira;2;1;1;0;0;0;1
02/09/2020;08:14:00;22;AC03 - Acidente sem VITIMA;333,1;Emergência I;Norte;Colisão - Lateral;2;2;0;0;0;0;1
02/09/2020;17:41:00;78;AC02 - Acidente com VITIMA;321;Acessos Niterói;Norte;Colisão - Lateral;1;1;1;0;0;0;1
10/09/2020;20:07:00;92;AC03 - Acidente sem VITIMA;321;Acessos Niterói;Norte;Colisão - Lateral;1;2;0;0;0;0;1
16/09/2020;16:41:00;74;AC02 - Acidente com VITIMA;334;Emergência I;Norte;Colisão - Lateral;1;0;1;0;0;0;1
18/09/2020;07:39:00;31;AC02 - Acidente com VITIMA;324;Cajú;Norte;Capotamento;1;1;1;0;0;0;1
19/09/2020;07:23:00;18;AC03 - Acidente sem VITIMA;322,3;Acessos Niterói;Norte;Colisão - Lateral;1;2;0;0;0;0;1
23/09/2020;18:33:00;98;AC03 - Acidente sem VITIMA;333,5;Emergência I;Norte;Colisão - Lateral;1;2;0;0;0;0;1
01/10/2020;11:15:00;39;AC02 - Acidente com VITIMA;325;Descida do Vão Central;Norte;Colisão - Lateral;1;0;8;0;0;0;1
01/10/2020;12:27:00;48;AC03 - Acidente sem VITIMA;330;Retão;Sul;Choque veículo parado na pista;2;2;0;0;0;0;1
05/10/2020;12:27:00;49;AC03 - Acidente sem VITIMA;331,5;Curvão;Norte;Colisão - Traseira;1;2;0;0;0;0;1
05/10/2020;14:42:00;64;AC02 - Acidente com VITIMA;323,2;Cajú;Norte;Engavetamento;1;0;17;0;0;0;1
07/10/2020;15:57:00;71;AC02 - Acidente com VITIMA;327;Subida do Vão Central;Norte;Choque veículo parado na pista;2;1;0;0;1;0;2
09/10/2020;18:05:00;95;AC02 - Acidente com VITIMA;333;Emergência II;Norte;Colisão - Traseira;1;0;4;0;0;0;1
15/10/2020;13:08:00;46;AC03 - Acidente sem VITIMA;322;Acessos Niterói;Norte;Colisão - Lateral;1;2;0;0;0;0;1
21/10/2020;07:17:00;21;AC03 - Acidente sem VITIMA;322,8;Praça de Pedágio;Norte;Colisão - Traseira;1;2;0;0;0;0;1
30/10/2020;17:42:00;88;AC03 - Acidente sem VITIMA;334;Emergência I;Norte;Colisão - Lateral;1;2;0;0;0;0;1
04/11/2020;12:09:00;55;AC02 - Acidente com VITIMA;327;Subida do Vão Central;Norte;Choque veículo parado na pista;1;1;1;0;0;0;1
12/11/2020;16:28:00;87;AC02 - Acidente com VITIMA;323,5;Cajú;Norte;Colisão - Lateral;1;0;0;1;0;0;2
12/11/2020;17:54:00;102;AC03 - Acidente sem VITIMA;322,4;Acessos Niterói;Norte;Colisão - Lateral;1;2;0;0;0;0;1
12/11/2020;20:17:00;138;AC03 - Acidente sem VITIMA;334;Emergência I;Norte;Colisão - Lateral;1;2;0;0;0;0;1
16/11/2020;15:49:00;90;AC02 - Acidente com VITIMA;323,5;Cajú;Norte;Engavetamento;1;0;9;0;0;0;1
16/11/2020;21:16:00;164;AC03 - Acidente sem VITIMA;331,8;Curvão;Norte;Colisão - Traseira;1;2;0;0;0;0;1
19/11/2020;08:07:00;21;AC03 - Acidente sem VITIMA;323,8;Cajú;Sul;Choque - Sinalização;1;1;0;0;0;0;1
19/11/2020;18:40:00;108;AC03 - Acidente sem VITIMA;333,6;Emergência I;Norte;Colisão - Lateral;1;2;0;0;0;0;1
20/11/2020;05:51:00;10;AC03 - Acidente sem VITIMA;321,9;Acessos Niterói;Norte;Choque - Sinalização;1;1;0;0;0;0;1
21/11/2020;07:03:00;17;AC02 - Acidente com VITIMA;330,5;Retão;Norte;Choque veículo parado na pista;1;0;4;0;0;0;1
23/11/2020;19:12:00;103;AC03 - Acidente sem VITIMA;326,7;Vão Central;Norte;Colisão - Traseira;2;3;0;0;0;0;1
25/11/2020;17:28:00;92;AC02 - Acidente com VITIMA;330,5;Retão;Sul;Colisão - Traseira;1;0;3;0;0;0;1
25/11/2020;20:37:00;111;AC02 - Acidente com VITIMA;321;Acessos Niterói;Norte;Colisão - Lateral;1;0;1;0;0;0;1
26/11/2020;08:04:00;23;AC03 - Acidente sem VITIMA;322,4;Acessos Niterói;Norte;Choque Praça;1;1;0;0;0;0;1
26/11/2020;14:02:00;82;AC03 - Acidente sem VITIMA;330;Retão;Norte;Engavetamento;1;3;0;0;0;0;1
30/11/2020;21:21:00;132;AC03 - Acidente sem VITIMA;333,1;Emergência I;Norte;Colisão - Traseira;1;2;0;0;0;0;1
12/12/2020;11:41:00;46;AC02 - Acidente com VITIMA;324,3;Cajú;Norte;Choque veículo parado na pista;1;0;3;0;0;0;1
24/12/2020;06:34:00;20;AC03 - Acidente sem VITIMA;322,4;Acessos Niterói;Norte;Colisão - Traseira;1;7;0;0;0;0;1
03/01/2021;08:45:00;21;AC02 - Acidente com VITIMA;332,6;Emergência II;Norte;Colisão - Traseira;2;2;2;0;0;0;1
05/01/2021;09:29:00;37;AC02 - Acidente com VITIMA;321;Acessos Niterói;Norte;Colisão - Lateral;1;0;2;0;0;0;1
09/01/2021;06:58:00;8;AC02 - Acidente com VITIMA;321;Acessos Niterói;Sul;Colisão - Traseira;1;0;2;0;0;0;1
16/01/2021;13:57:00;77;AC03 - Acidente sem VITIMA;322,4;Acessos Niterói;Norte;Choque - Sinalização;1;1;0;0;0;0;1
20/01/2021;07:04:00;13;AC02 - Acidente com VITIMA;321,9;Acessos Niterói;Norte;Colisão - Lateral;1;1;1;0;0;0;1
22/01/2021;22:45:00;134;AC02 - Acidente com VITIMA;321;Acessos Niterói;Sul;Colisão - Lateral;1;1;1;0;0;0;1
28/01/2021;22:26:00;111;AC03 - Acidente sem VITIMA;321,9;Acessos Niterói;Norte;Colisão - Traseira;2;2;0;0;0;0;1
31/01/2021;18:31:00;78;AC02 - Acidente com VITIMA;321,9;Acessos Niterói;Norte;Engavetamento;1;0;8;0;0;0;1
02/02/2021;04:27:00;10;AC03 - Acidente sem VITIMA;332,4;Emergência II;Sul;Colisão - Lateral;2;2;0;0;0;0;1
02/02/2021;20:15:00;95;AC02 - Acidente com VITIMA;322,1;Acessos Niterói;Norte;Colisão - Traseira;1;0;4;0;0;0;1
08/02/2021;10:04:00;32;AC02 - Acidente com VITIMA;329,2;Retão;Sul;Choque veículo parado na pista;1;0;3;0;0;0;1
08/02/2021;17:45:00;79;AC03 - Acidente sem VITIMA;321,9;Acessos Niterói;Norte;Choque Praça;2;1;0;0;0;0;1
17/02/2021;09:07:00;25;AC02 - Acidente com VITIMA;327;Subida do Vão Central;Norte;Choque veículo parado na pista;2;1;0;1;0;0;2
19/02/2021;10:52:00;42;AC02 - Acidente com VITIMA;326,7;Vão Central;Norte;Colisão - Traseira;1;1;1;0;0;0;1
20/02/2021;13:24:00;34;AC03 - Acidente sem VITIMA;322,8;Praça de Pedágio;Sul;Colisão - Lateral;2;2;0;0;0;0;1
22/02/2021;10:45:00;55;AC02 - Acidente com VITIMA;332;Curvão;Sul;Engavetamento;1;0;8;0;0;0;1
24/02/2021;09:24:00;34;AC03 - Acidente sem VITIMA;328,3;Subida do Vão Central;Norte;Colisão - Traseira;2;2;0;0;0;0;1
12/03/2021;12:38:00;44;AC02 - Acidente com VITIMA;332,7;Emergência II;Norte;Engavetamento;1;2;1;0;0;0;1
15/03/2021;14:38:00;94;AC02 - Acidente com VITIMA;321,9;Acessos Niterói;Norte;Colisão - Lateral;1;0;3;0;0;0;1
20/03/2021;16:16:00;77;AC03 - Acidente sem VITIMA;321,9;Acessos Niterói;Norte;Choque Praça;1;1;0;0;0;0;1
23/03/2021;06:49:00;16;AC03 - Acidente sem VITIMA;329,4;Retão;Norte;Choque veículo parado na pista;1;2;0;0;0;0;1
26/03/2021;23:43:00;98;AC02 - Acidente com VITIMA;321,9;Acessos Niterói;Norte;Choque Defensa;1;0;1;0;0;0;1
06/04/2021;12:56:00;50;AC02 - Acidente com VITIMA;333,1;Emergência I;Sul;Colisão - Traseira;2;0;3;0;0;0;1
10/04/2021;14:30:00;43;AC02 - Acidente com VITIMA;330,5;Retão;Norte;Choque veículo parado na pista;1;1;0;0;2;0;2
12/05/2021;06:52:00;12;AC02 - Acidente com VITIMA;322,1;Acessos Niterói;Sul;Colisão - Traseira;1;0;2;0;0;0;1
17/05/2021;12:39:00;48;AC03 - Acidente sem VITIMA;322,4;Acessos Niterói;Norte;Choque Praça;1;1;0;0;0;0;1
23/05/2021;18:28:00;86;AC02 - Acidente com VITIMA;321;Acessos Niterói;Norte;Colisão - Traseira;2;0;6;0;0;0;1
28/06/2021;05:29:00;7;AC02 - Acidente com VITIMA;321,9;Acessos Niterói;Norte;Colisão - Traseira;1;3;1;0;0;0;1
28/06/2021;12:01:00;39;AC03 - Acidente sem VITIMA;322,4;Acessos Niterói;Norte;Colisão - Traseira;2;2;0;0;0;0;1
01/07/2021;21:06:38;123;ac03 - Acidente com vítima ilesa;322,05;N03;Sul;Colisão Traseira;1;2;;;;;1
06/07/2021;18:27:12;67;ac03 - Acidente com vítima ilesa;324,04;PT;Norte;Colisão lateral no mesmo sentido;1;2;;;;;1
14/07/2021;14:17:11;57;ac03 - Acidente com vítima ilesa;322,255;PT;Norte;Colisão Traseira;2;2;;;;;1
17/07/2021;18:29:11;109;ac03 - Acidente com vítima ilesa;322,42;PT;Norte;Colisão lateral no mesmo sentido;1;2;;;;;1
30/07/2021;14:14:47;50;ac03 - Acidente com vítima ilesa;322,255;PT;Sul;Colisão lateral no mesmo sentido;1;3;;;;;1
06/08/2021;00:31:22;2;ac02 - Acidente com vítima;324,04;PT;Norte;Colisão lateral no mesmo sentido;1;2;1;;;;1
09/08/2021;22:20:41;144;ac02 - Acidente com vítima;332,32;PT;Sul;Capotamento;1;1;1;;;;1
15/08/2021;20:58:50;69;ac03 - Acidente com vítima ilesa;322,255;PT;Norte;Colisão Traseira;1;3;;;;;1
17/08/2021;10:12:08;21;ac03 - Acidente com vítima ilesa;322,61;PT;Norte;Colisão lateral no mesmo sentido;1;3;;;;;1
24/08/2021;12:15:46;43;ac03 - Acidente com vítima ilesa;321,6;N03;Sul;Colisão lateral no mesmo sentido;1;6;;;;;1
30/08/2021;19:17:49;108;ac03 - Acidente com vítima ilesa;333,14;PT;Norte;Colisão Traseira;2;3;;;;;1
06/09/2021;06:59:05;8;ac03 - Acidente com vítima ilesa;325,088;PT;Norte;Colisão Traseira;1;2;;;;;1
14/09/2021;11:23:03;46;ac03 - Acidente com vítima ilesa;333,46;PT;Norte;Colisão lateral no mesmo sentido;2;4;;;;;1
16/09/2021;17:00:42;83;ac02 - Acidente com vítima;322,61;PT;Sul;Colisão lateral no mesmo sentido;1;7;1;;;;1
18/09/2021;18:30:23;76;ac03 - Acidente com vítima ilesa;327,28;PT;Sul;Colisão lateral no mesmo sentido;1;4;;;;;1
21/09/2021;06:34:51;15;ac02 - Acidente com vítima;333,14;PT;Norte;Choque - Veículo parado na pista;1;1;;1;;;2
22/09/2021;20:20:02;83;ac03 - Acidente com vítima ilesa;322,42;PT;Sul;Colisão lateral no mesmo sentido;1;3;;;;;1
25/09/2021;11:30:46;44;ac03 - Acidente com vítima ilesa;322,188;PT;Norte;Colisão Traseira;1;5;;;;;1
06/10/2021;19:39:51;92;ac03 - Acidente com vítima ilesa;333,624;R2A;Norte;Colisão lateral no mesmo sentido;1;2;;;;;1
13/10/2021;15:13:47;83;ac03 - Acidente com vítima ilesa;322,8;PT;Norte;Colisão lateral no mesmo sentido;1;2;;;;;1
22/10/2021;16:33:03;101;ac01 - Acidente com vitima fatal;330;PT;Sul;Colisão Traseira;1;1;;;;1;3
26/10/2021;13:31:47;60;ac03 - Acidente com vítima ilesa;331,88;PT;Sul;Colisão lateral no mesmo sentido;2;2;;;;;1
27/10/2021;17:40:37;91;ac03 - Acidente com vítima ilesa;0;R4;Norte;Colisão lateral no mesmo sentido;1;2;;;;;1
28/10/2021;15:02:15;87;ac03 - Acidente com vítima ilesa;332,32;PT;Norte;Colisão lateral no mesmo sentido;1;2;;;;;1
29/10/2021;10:24:23;34;ac02 - Acidente com vítima;329,52;PT;Sul;Choque - Veículo parado na pista;1;0;1;;1;;2
31/10/2021;12:15:11;31;ac02 - Acidente com vítima;333,46;PT;Norte;Colisão Traseira;1;1;3;;;;1
03/11/2021;16:20:00;97;Sem vítima;326,272;BR-101/RJ;Decrescente;Colisão traseira;1;3;0;0;0;0;1
13/11/2021;14:05:00;66;Sem vítima;322,255;BR-101/RJ;Decrescente;Colisão traseira;1;1;0;0;0;0;1
22/11/2021;00:39:00;6;Sem vítima;325,280;BR-101/RJ;Crescente;Colisão lateral no mesmo sentido;1;2;0;0;0;0;1
25/11/2021;13:37:00;58;Sem vítima;326,608;BR-101/RJ;Decrescente;Colisão traseira;1;1;0;0;0;0;1
15/12/2021;12:13:00;62;Com vítima;330,960;BR-101/RJ;Crescente;Colisão lateral no mesmo sentido;1;1;0;1;0;0;2
22/12/2021;20:47:00;147;Sem vítima;332,910;BR-101/RJ;Decrescente;Colisão traseira;1;0;0;0;0;0;1
05/01/2022;23:30:00;143;Com vítima;326,440;BR-101/RJ;Crescente;Colisão traseira;1;1;1;0;0;0;1
08/01/2022;16:33:00;52;Com vítima;326,440;BR-101/RJ;Decrescente;Colisão traseira;1;0;3;0;0;0;1
26/01/2022;08:47:00;18;Sem vítima;327,600;BR-101/RJ;Decrescente;Colisão traseira;1;4;0;0;0;0;1
08/02/2022;23:22:00;102;Sem vítima;333,620;BR-101/RJ;Decrescente;Colisão lateral no mesmo sentido;1;0;0;0;0;0;1
14/02/2022;13:04:00;56;Sem vítima;322,255;BR-101/RJ;Decrescente;Colisão transversal;1;2;0;0;0;0;1
19/02/2022;10:47:00;26;Com vítima;327,280;BR-101/RJ;Decrescente;Choque;1;1;0;1;0;0;2
28/02/2022;10:55:00;51;Com vítima;0,000;Acesso N 09/RJ;Crescente;Colisão traseira;1;0;5;0;0;0;1
08/03/2022;09:41:00;35;Sem vítima;332,680;BR-101/RJ;Crescente;Colisão traseira;1;2;0;0;0;0;1
08/03/2022;17:26:00;76;Com vítima;325,600;BR-101/RJ;Crescente;Choque;1;5;1;0;0;0;1
10/03/2022;19:22:00;101;Com vítima;334,386;Acesso R 2/RJ;Crescente;Colisão traseira;1;0;1;1;0;0;2
11/03/2022;10:41:00;52;Sem vítima;322,255;BR-101/RJ;Decrescente;Colisão traseira;1;3;0;0;0;0;1
25/03/2022;11:09:00;46;Com vítima;327,280;BR-101/RJ;Crescente;Colisão lateral no mesmo sentido;1;0;6;0;0;0;1
12/04/2022;11:34:00;44;Sem vítima;322,458;BR-101/RJ;Decrescente;Colisão traseira;1;2;0;0;0;0;1
14/04/2022;21:35:00;109;Sem vítima;322,255;BR-101/RJ;Crescente;Colisão lateral no mesmo sentido;1;2;0;0;0;0;1
28/04/2022;08:20:00;27;Com vítima;327,280;BR-101/RJ;Decrescente;Colisão traseira;1;0;0;1;0;0;2
02/05/2022;02:02:00;1;Com vítima;326,280;BR-101/RJ;Crescente;Choque;1;1;0;1;0;0;2
13/05/2022;08:21:00;30;Sem vítima;0,000;Acesso R 1/RJ;Crescente;Colisão lateral no mesmo sentido;1;1;0;0;0;0;1
13/05/2022;09:02:00;33;Com vítima;329,040;BR-101/RJ;Decrescente;Choque;1;1;0;0;1;0;2
19/05/2022;09:27:00;27;Sem vítima;322,089;BR-101/RJ;Decrescente;Colisão lateral no mesmo sentido;1;2;0;0;0;0;1
03/06/2022;03:15:00;4;Sem vítima;326,104;BR-101/RJ;Crescente;Colisão traseira;1;2;0;0;0;0;1
15/06/2022;14:00:00;47;Sem vítima;326,440;BR-101/RJ;Crescente;Choque;1;5;0;0;0;0;1
17/06/2022;22:16:00;96;Sem vítima;322,255;BR-101/RJ;Decrescente;Choque;1;3;0;0;0;0;1
24/06/2022;04:54:00;7;Sem vítima;332,100;BR-101/RJ;Crescente;Choque;1;1;0;0;0;0;1
14/07/2022;19:27:00;140;Sem vítima;321,600;Acesso N 03/RJ;Crescente;Colisão lateral no mesmo sentido;1;2;0;0;0;0;1
17/07/2022;16:24:00;66;Sem vítima;322,255;BR-101/RJ;Crescente;Colisão lateral no mesmo sentido;2;4;0;0;0;0;1
19/07/2022;09:16:00;20;Sem vítima;322,287;BR-101/RJ;Decrescente;Colisão traseira;1;1;0;0;0;0;1
07/08/2022;18:57:00;47;Com vítima;333,939;Acesso R 2 A/RJ;Decrescente;Colisão lateral no mesmo sentido;1;0;5;0;0;0;1
16/08/2022;22:09:00;126;Sem vítima;323,340;BR-101/RJ;Crescente;Acidentes de outra natureza;1;2;0;0;0;0;1
23/08/2022;22:28:00;102;Sem vítima;321,600;Acesso N 03/RJ;Crescente;Colisão transversal;1;3;0;0;0;0;1
10/09/2022;09:30:00;31;Sem vítima;333,460;BR-101/RJ;Decrescente;Colisão lateral no mesmo sentido;1;5;0;0;0;0;1
28/09/2022;15:08:00;57;Com vítima;326,272;BR-101/RJ;Crescente;Colisão traseira;1;0;2;0;0;0;1
07/10/2022;13:43:00;40;Sem vítima;330,384;BR-101/RJ;Crescente;Colisão traseira;1;2;0;0;0;0;1
11/10/2022;00:36:00;1;Com vítima;0,500;Acesso R 1/RJ;Crescente;Colisão traseira;1;0;6;1;0;0;2
13/10/2022;10:47:00;55;Sem vítima;333,620;BR-101/RJ;Decrescente;Engavetamento;1;4;0;0;0;0;1
29/10/2022;13:26:00;47;Sem vítima;322,255;BR-101/RJ;Crescente;Colisão lateral no mesmo sentido;1;2;0;0;0;0;1
03/11/2022;15:29:00;59;Com vítima;328,512;BR-101/RJ;Decrescente;Colisão traseira;1;0;2;0;0;0;1
10/11/2022;10:49:00;48;Com vítima;333,939;Acesso R 2 A/RJ;Decrescente;Colisão lateral no mesmo sentido;1;1;1;0;0;0;1
12/11/2022;18:57:00;110;Sem vítima;322,067;Acesso N 03/RJ;Crescente;Colisão lateral no mesmo sentido;1;3;0;0;0;0;1
18/11/2022;10:11:00;23;Sem vítima;333,460;BR-101/RJ;Decrescente;Colisão lateral no mesmo sentido;1;1;0;0;0;0;1
29/11/2022;08:05:00;28;Sem vítima;327,280;BR-101/RJ;Decrescente;Colisão lateral no mesmo sentido;1;2;0;0;0;0;1
20/12/2022;10:27:00;47;Sem vítima;322,255;BR-101/RJ;Decrescente;Colisão lateral no mesmo sentido;1;3;0;0;0;0;1
29/12/2022;12:21:00;68;Sem vítima;333,939;Acesso R 2 A/RJ;Decrescente;Colisão traseira;1;1;0;0;0;0;1
24/01/2023;17:41:00;94;Com vítima;326,440;BR-101/RJ;Crescente;Colisão lateral no mesmo sentido;1;1;1;0;0;0;1
01/03/2023;16:53:00;102;Com vítima;324,040;BR-101/RJ;Crescente;Colisão traseira;1;0;1;0;0;0;1
10/03/2023;22:33:00;155;Sem vítima;323,780;BR-101/RJ;Decrescente;Colisão traseira;1;1;0;0;0;0;1
22/03/2023;09:10:00;38;Sem vítima;328,992;BR-101/RJ;Decrescente;Colisão traseira;1;1;0;0;0;0;1
08/05/2023;22:29:00;125;Sem vítima;322,255;BR-101/RJ;Decrescente;Colisão lateral no mesmo sentido;1;1;0;0;0;0;1
24/05/2023;01:25:00;3;Sem vítima;331,748;BR-101/RJ;Crescente;Colisão lateral no mesmo sentido;1;0;0;0;0;0;1
27/05/2023;15:19:00;63;Com vítima;328,128;BR-101/RJ;Crescente;Colisão traseira;1;0;0;0;0;0;1
07/06/2023;16:55:00;106;Com vítima;328,080;BR-101/RJ;Crescente;Choque;1;1;0;0;0;0;1
15/06/2023;02:05:00;5;Sem vítima;0,308;Acesso N 12/RJ;Crescente;Choque;1;1;0;0;0;0;1
30/06/2023;10:04:00;33;Sem vítima;333,140;BR-101/RJ;Crescente;Colisão lateral no mesmo sentido;1;1;0;0;0;0;1
01/07/2023;17:50:00;82;Sem vítima;328,800;BR-101/RJ;Crescente;Colisão traseira;1;0;0;0;0;0;1
03/07/2023;14:34:00;60;Sem vítima;329,760;BR-101/RJ;Crescente;Colisão traseira;1;0;0;0;0;0;1
04/07/2023;17:08:00;76;Sem vítima;324,040;BR-101/RJ;Decrescente;Colisão traseira;1;1;0;0;0;0;1
21/07/2023;19:41:00;115;Sem vítima;324,040;BR-101/RJ;Crescente;Capotamento;1;1;0;0;0;0;1
26/07/2023;11:59:00;60;Sem vítima;322,255;BR-101/RJ;Decrescente;Colisão lateral no mesmo sentido;1;0;0;0;0;0;1
31/07/2023;20:27:00;131;Com vítima;330,480;BR-101/RJ;Crescente;Colisão traseira;1;1;0;0;0;0;1
18/08/2023;14:49:00;61;Com vítima;331,200;BR-101/RJ;Crescente;Colisão traseira;1;1;0;1;0;0;2
04/09/2023;07:55:00;20;Com vítima;322,089;BR-101/RJ;Crescente;Colisão lateral no mesmo sentido;1;1;0;0;0;0;1
04/09/2023;14:52:00;76;Com vítima;330,096;BR-101/RJ;Crescente;Choque;1;0;0;0;0;0;1
18/09/2023;18:21:00;120;Com vítima;325,434;BR-101/RJ;Decrescente;Colisão traseira;1;1;0;0;0;0;1
